{"cameraMode":{"drawMode":0,"name":"Shaded","section":"Shading Mode"},"sceneLighting":true,"audioPlay":false,"sceneViewState":{"showFog":true,"showMaterialUpdate":false,"showSkybox":true,"showFlares":true,"showImageEffects":true,"showParticleSystems":true},"in2DMode":false,"pivot":{"x":53.41029739379883,"y":92.99244689941406,"z":249.93370056152345},"rotation":{"x":0.0022314402740448715,"y":0.9765737056732178,"z":-0.21564237773418427,"w":0.015498454682528973},"size":101.97679138183594,"orthographic":false}