{"cameraMode":{"drawMode":0,"name":"Shaded","section":"Shading Mode"},"sceneLighting":true,"audioPlay":false,"sceneViewState":{"showFog":true,"showMaterialUpdate":false,"showSkybox":true,"showFlares":true,"showImageEffects":true,"showParticleSystems":true},"in2DMode":false,"pivot":{"x":9.51283073425293,"y":5.198354721069336,"z":148.6527862548828},"rotation":{"x":0.056960247457027438,"y":-0.8020012974739075,"z":0.07747999578714371,"w":0.5895785689353943},"size":39.809791564941409,"orthographic":false}