{"cameraMode":{"drawMode":0,"name":"Shaded","section":"Shading Mode"},"sceneLighting":false,"audioPlay":false,"sceneViewState":{"showFog":true,"showMaterialUpdate":false,"showSkybox":false,"showFlares":true,"showImageEffects":true,"showParticleSystems":true},"in2DMode":false,"pivot":{"x":28.853273391723634,"y":0.7635388970375061,"z":-60.02546691894531},"rotation":{"x":0.10214085876941681,"y":-0.7230388522148132,"z":0.10950419306755066,"w":0.6743967533111572},"size":5.377476215362549,"orthographic":false}