{"cameraMode":{"drawMode":0,"name":"Shaded","section":"Shading Mode"},"sceneLighting":true,"audioPlay":false,"sceneViewState":{"showFog":true,"showMaterialUpdate":false,"showSkybox":true,"showFlares":true,"showImageEffects":true,"showParticleSystems":true},"in2DMode":false,"pivot":{"x":-1204.00927734375,"y":-745.96630859375,"z":172.91256713867188},"rotation":{"x":0.18981632590293885,"y":-0.6336573362350464,"z":0.16437216103076936,"w":0.7317336797714233},"size":1834.0052490234375,"orthographic":false}