{"cameraMode":{"drawMode":0,"name":"Shaded","section":"Shading Mode"},"sceneLighting":true,"audioPlay":false,"sceneViewState":{"showFog":true,"showMaterialUpdate":false,"showSkybox":true,"showFlares":true,"showImageEffects":true,"showParticleSystems":true},"in2DMode":false,"pivot":{"x":-1254.565185546875,"y":-651.4049682617188,"z":168.82373046875},"rotation":{"x":0.17065228521823884,"y":-0.6398488283157349,"z":0.14867469668388368,"w":0.7344195246696472},"size":2092.90478515625,"orthographic":false}