{"cameraMode":{"drawMode":0,"name":"Shaded","section":"Shading Mode"},"sceneLighting":true,"audioPlay":false,"sceneViewState":{"showFog":true,"showMaterialUpdate":false,"showSkybox":true,"showFlares":true,"showImageEffects":true,"showParticleSystems":true},"in2DMode":false,"pivot":{"x":22.809144973754884,"y":-0.37680721282958987,"z":-71.96002197265625},"rotation":{"x":0.0068231918849051,"y":-0.9931560754776001,"z":0.088435098528862,"w":0.07704699784517288},"size":20.71430015563965,"orthographic":false}