{"cameraMode":{"drawMode":0,"name":"Shaded","section":"Shading Mode"},"sceneLighting":true,"audioPlay":false,"sceneViewState":{"showFog":true,"showMaterialUpdate":false,"showSkybox":true,"showFlares":true,"showImageEffects":true,"showParticleSystems":true},"in2DMode":false,"pivot":{"x":72.57295227050781,"y":0.7335389256477356,"z":-24.48070526123047},"rotation":{"x":-0.17227531969547273,"y":0.5524616241455078,"z":-0.1179308146238327,"w":-0.8070358037948608},"size":16.586528778076173,"orthographic":false}